Titles,Channel,Duration,Views
The all-new Apple Music.,Apple,1:58,3.4M views
iPhone 7 — The Rock x Siri Dominate the Day — Apple,Apple,3:46,20M views
HomePod — Welcome Home by Spike Jonze — Apple,Apple,4:02,13M views
Dillan’s Voice,Apple,2:01,4.5M views
iPhone X — A Guided Tour — Apple,Apple,4:23,10M views
Apple Music – Drake vs. Bench Press,Apple,1:01,4.4M views
Apple – New Beginnings,Apple,3:38,1.7M views
Apple — Inclusion & Diversity — Open,Apple,2:04,719K views
iPad — Homework (Full Version) — Apple,Apple,2:21,1.8M views
Apple Music — Carpool Karaoke — Shakira and Trevor Noah Preview,Apple,0:32,756K views
iPhone X — Unlock — Apple,Apple,1:09,9.9M views
Apple Watch — Dear Apple — Apple,Apple,2:39,6.9M views
Apple – Introducing AirPods,Apple,2:09,9.6M views
iPhone X — Portrait Lighting — Apple,Apple,1:24,4.6M views
Holiday — Sway — Apple,Apple,1:41,10M views
iPhone X — Fly Market — Apple,Apple,1:09,4M views
"The new MacBook Pro — Design, Performance and Features — Apple",Apple,3:07,7.8M views
WWDC 2017 — APPOCALYPSE — Apple,Apple,3:06,3.5M views
Apple Watch Series 3 + Apple Music — Roll — Apple,Apple,1:11,5.7M views
Meet iPhone X — Apple,Apple,1:19,24M views
Apple Music — Carpool Karaoke — On the Road Again,Apple,1:02,1.3M views
iPhone 7 – Design,Apple,2:27,5.5M views
iPad — Homework — Apple,Apple,1:09,4.5M views
iPhone X — Introducing iPhone X — Apple,Apple,3:39,35M views
Apple – Accessibility – Sady,Apple,1:43,924K views
iPhone X — Animoji: Amigos — Apple,Apple,1:11,6.5M views
Apple Music — Major Lazer: Give Me Future — Official Trailer,Apple,2:09,584K views
The new MacBook - Design,Apple,4:27,3.4M views
WWDC 2018 — Source Code — Apple,Apple,4:06,155K views
Apple Music — Carpool Karaoke — The Cyrus Family,Apple,0:32,422K views
Behind the Mac — Grimes,Apple,1:05,314K views
iPhone X — Animoji: Taxi Driver — Apple,Apple,1:09,9.4M views
iPhone 8 (PRODUCT)RED™ Special Edition — Apple,Apple,0:39,12M views
The New iPad Pro — On Any Given Wednesday — Apple,Apple,1:16,2.6M views
iPhone X — Studio in your pocket — Apple,Apple,0:39,4.3M views
Apple – Introducing iPhone 7,Apple,2:17,27M views
iPhone X — Animoji: Alien — Apple,Apple,1:11,3.1M views
iPhone 7 – Sticker Fight – Apple,Apple,1:01,11M views
MacBook Pro — Reveal,Apple,0:59,2.6M views
iPhone X — Adapts to Your Face — Apple,Apple,0:16,572K views
